source_x,source_y,reference_x,reference_y
458.3655,58.493732,581.07056,6.4517384
470.13843,72.83268,590.58167,27.475515
475.72632,62.27649,600.78784,16.491243
467.79233,70.62199,588.3972,24.435955
442.339,72.70207,557.0495,18.52977
467.4847,61.35758,591.07104,12.854577
478.5195,66.55306,602.31604,22.811031
559.55273,37.378223,709.9616,13.564289
551.43445,76.33579,687.6244,58.040802
551.43445,76.33579,687.6244,58.040802
548.3688,75.22828,683.76624,56.26604
509.76178,52.679848,645.0081,15.992375
486.4352,76.31485,609.09344,37.116436
486.45966,79.905846,607.8763,41.429123
531.86774,57.680603,670.1551,28.749977
542.9348,56.917892,683.5489,31.820269
519.54913,75.87024,648.92554,47.024635
611.7718,47.474003,769.7698,42.953213
609.45605,59.83915,763.0286,57.04859
597.56464,43.315193,754.0976,32.67617
598.8895,61.73694,749.633,55.735523
570.49365,28.88132,725.91754,6.832126
632.03094,56.818096,791.21954,60.468872
615.53625,51.256203,773.115,48.620094
615.53625,51.256203,773.115,48.620094
591.57324,59.573097,741.314,51.056374
595.28076,63.34292,744.8632,56.500893
591.4243,22.296522,753.4726,5.684167
580.74347,26.905638,738.9726,7.9136767
580.74347,26.905638,738.9726,7.9136767
625.8232,68.049736,780.3412,72.20321
575.12836,29.975569,731.1829,9.557157
588.3502,57.046055,738.4477,46.5582
597.24603,58.52638,748.8147,50.87772
590.1832,53.454006,741.6735,42.959595
605.76624,61.368195,758.2341,57.402832
592.2714,63.590553,740.93536,55.91032
624.22577,59.920044,780.7909,61.672756
632.91626,61.756508,790.62115,66.874794
87.93847,157.88908,101.52517,6.5511165
144.03375,141.80035,174.45341,5.327022
159.11899,155.04048,188.69331,25.502665
159.44708,151.01102,189.97635,20.848299
136.41876,150.33342,162.57878,12.989093
134.17822,146.16905,161.1846,7.500044
177.6888,138.01253,216.57932,12.090857
177.6888,138.01253,216.57932,12.090857
213.3101,157.62746,253.0226,46.82803
164.75545,155.95274,195.10115,28.98344
176.19608,155.81833,208.94122,32.76057
224.68462,133.57794,274.52444,21.40215
225.46857,142.55177,272.79788,32.67727
319.35077,115.6175,394.61847,30.253511
304.86536,148.62239,365.8952,64.23689
302.1278,143.6665,365.07147,59.16951
313.67538,95.950874,394.0837,4.8121195
318.0774,147.34717,382.9809,68.2206
306.068,142.60971,369.60843,59.092403
295.17953,117.464066,364.25577,25.186699
277.78882,148.18413,334.1926,56.69785
279.12646,137.56248,339.1085,44.26094
274.78357,141.28374,332.85876,46.82056
259.1692,156.65524,308.7369,60.473747
319.2975,102.64865,398.94485,14.286815
394.56555,150.92781,474.05872,97.34664
365.3098,118.6978,449.19247,49.133457
369.26837,105.72959,458.4789,34.6349
394.50748,118.22266,484.57584,57.968018
359.26636,95.32265,449.4772,18.60173
390.12555,113.62411,480.82736,51.052105
363.0175,129.68878,442.89352,61.623547
363.25842,105.38526,451.04733,32.177135
360.6549,133.18504,439.0455,64.59423
360.6549,133.18504,439.0455,64.59423
362.5509,95.69963,453.21155,20.401644
329.10623,128.24693,402.06735,48.443607
363.7401,133.25375,442.46298,66.118904
384.77432,124.08839,471.28424,61.767036
373.98788,112.35034,462.08286,44.10961
374.05606,153.17143,448.4366,93.20366
335.81415,137.83408,407.38364,62.46765
335.81415,137.83408,407.38364,62.46765
386.31296,133.57372,469.74533,73.82867
386.22662,133.61089,469.7108,74.33336
324.94614,126.08684,398.2674,44.578453
356.3986,109.38802,441.41565,34.80013
361.81287,121.13866,444.09564,50.858284
365.51752,88.30377,459.27963,12.319405
417.96005,104.45267,517.4124,48.82896
475.42273,151.75496,570.8902,126.038025
475.42273,151.75496,570.8902,126.038025
421.1476,93.03665,524.8697,36.09367
405.6877,132.25171,493.17288,78.01595
407.68408,92.29691,508.88477,30.69523
435.9156,101.00356,540.1827,50.28386
435.9156,101.00356,540.1827,50.28386
478.61288,107.31215,589.62177,71.935776
470.41962,109.559326,579.0078,71.84488
474.64938,111.22969,584.8009,76.881775
413.90448,132.47784,503.61984,81.70332
416.68552,123.42556,509.86932,71.56038
438.29443,106.66979,541.0137,58.15786
409.35495,147.53151,493.4259,97.1575
418.04272,115.692986,515.00903,61.146275
425.7116,109.91966,525.264,58.16615
434.72006,85.9729,541.5855,31.815783
466.0193,153.39885,558.75653,123.73347
536.6288,137.61731,650.02875,127.379974
526.8022,115.43383,645.1258,97.334435
556.75336,81.006744,692.48096,65.27381
547.7141,84.58522,680.5085,66.80311
515.16345,152.60915,619.0016,138.65872
538.4551,127.964294,655.25244,116.4211
486.64728,90.58076,604.8088,54.671177
518.01105,87.70657,643.53973,61.014107
524.9966,137.41266,635.9194,123.26826
513.675,157.96455,615.726,144.36798
513.675,157.96455,615.726,144.36798
521.3685,155.43658,625.7343,143.83267
482.0776,96.67992,597.38873,60.175617
518.25903,154.78674,622.00635,142.79552
484.62527,83.10853,604.68353,44.524918
523.3541,146.02524,631.0981,133.44661
551.1729,149.54868,663.5851,146.29582
511.99054,102.26472,631.6013,76.646095
542.5918,116.7193,663.6787,104.28868
523.88184,119.37507,640.4789,100.97561
490.72305,130.27591,597.6144,104.38247
512.52527,85.45762,637.6515,56.296265
636.33563,137.70543,770.2205,159.49483
634.0126,126.26975,771.2713,144.79181
636.0873,84.035324,787.27655,94.694305
594.42413,99.87745,731.85785,100.32939
599.4387,133.54202,726.9811,142.82278
604.9125,138.30794,732.0484,150.20665
615.8906,115.75623,752.9205,126.37836
590.8007,109.12759,724.3857,110.52476
576.8909,115.394196,705.8672,113.168
591.76904,115.28632,723.628,118.12898
571.3477,91.0988,706.83746,82.39421
608.3352,149.61803,732.54724,164.95494
603.687,144.94688,728.6741,157.91945
561.8226,148.8548,676.74146,149.01468
575.128,109.96364,705.1384,106.08168
617.0322,130.42476,749.6308,144.29936
582.6034,142.69525,703.7882,148.21254
570.21875,146.34763,687.46735,148.72495
578.4229,141.42772,699.23395,145.51096
578.4229,141.42772,699.23395,145.51096
643.96783,132.14554,781.1789,155.48984
642.155,110.895325,785.8881,129.0739
642.5705,105.058205,787.78375,122.86747
70.94078,221.86938,60.685455,78.72014
17.678127,182.3835,8.834152,13.431093
17.678127,182.3835,8.834152,13.431093
74.28645,166.86401,82.17583,13.069209
64.19062,231.79958,49.035534,88.13698
56.293324,202.92671,48.960087,50.617287
52.30672,186.52371,49.173134,29.658688
41.197903,208.69055,28.756079,52.88699
79.21616,214.04869,72.81236,71.53277
36.84444,178.04436,33.265224,14.502383
73.94031,208.50513,68.24972,63.193264
71.12413,234.11499,56.67222,93.19138
59.46285,203.64822,52.401257,52.45252
48.208252,209.00424,36.497597,54.569447
159.10512,207.75035,172.09708,89.230934
159.80002,239.16281,162.12111,127.91559
110.06698,173.39658,123.179634,32.495388
92.36089,183.73402,98.62958,39.213886
106.51037,185.48204,114.83764,46.022053
104.28614,172.66368,116.51023,29.81454
93.541405,188.64731,98.34409,45.928234
108.125755,193.06955,114.436844,55.633984
143.66714,211.82277,151.32504,89.652405
88.041954,166.93645,98.89813,17.529547
81.98417,210.46896,76.90318,68.267914
88.65557,184.28683,93.810455,38.904583
88.65557,184.28683,93.810455,38.904583
85.377655,220.1398,78.35857,80.85183
96.87109,190.21718,101.814964,48.885685
153.07329,215.96523,161.52812,97.715034
109.094154,192.57423,116.08237,54.96469
109.094154,192.57423,116.08237,54.96469
104.03113,189.9734,110.608185,50.21403
103.64543,209.29842,103.82381,73.58051
141.92155,235.83707,141.5263,117.80078
83.22795,198.42647,82.68862,53.915386
85.55017,194.51837,86.824524,50.093277
88.94809,187.0807,93.33635,41.164078
182.06181,237.77284,189.46819,133.46495
197.50089,221.25658,213.2547,118.67841
172.02856,236.25194,177.76788,128.42116
188.91487,189.92436,213.14001,77.94849
188.91487,189.92436,213.14001,77.94849
222.12393,229.43813,240.64458,136.01494
160.19864,212.8309,170.98418,96.427
160.19864,212.8309,170.98418,96.427
211.62564,230.42491,227.40895,134.18733
211.62564,230.42491,227.40895,134.18733
172.16672,230.58609,179.9079,121.64332
164.95099,172.2911,189.8931,48.88867
174.1239,203.06833,190.94786,88.99869
189.12076,190.49403,213.10635,78.51184
192.15468,229.45827,203.7341,126.32943
228.8077,239.82164,245.14311,151.18605
203.48013,199.81798,227.39343,94.55757
214.89258,237.33963,229.00209,142.73488
250.93616,170.52849,294.23627,74.53272
246.56831,171.08296,288.82065,73.79373
246.56831,171.08296,288.82065,73.79373
319.07776,182.88536,372.52136,111.396515
275.75476,232.89459,304.10492,157.63959
315.90338,169.98581,372.6555,95.89981
297.34753,162.0042,353.11905,79.38377
250.11203,230.44463,273.94946,146.71336
250.11203,230.44463,273.94946,146.71336
286.99194,163.99312,340.36368,78.91317
253.43304,230.13635,277.85004,148.03131
315.59515,236.84807,350.90582,174.93446
269.83713,186.95036,311.80264,100.47664
293.0237,220.23029,329.1025,148.26372
295.7175,217.18011,333.158,145.54686
261.7051,174.75412,305.81525,83.16166
304.42346,226.93661,340.58212,160.23558
253.38927,238.01154,275.46054,157.30847
343.30756,213.6742,391.85083,156.88043
343.88956,219.3857,390.72733,163.67468
370.97757,193.8757,431.48813,141.81992
340.24893,187.6032,396.65305,123.95886
340.24893,187.6032,396.65305,123.95886
335.34015,189.4438,390.08057,125.23476
363.93094,236.07079,409.86945,190.87172
328.86353,183.85332,384.72165,114.683525
322.42264,203.33797,369.90558,137.23006
364.2891,190.15154,425.14374,136.26743
364.2891,190.15154,425.14374,136.26743
362.86194,207.28004,417.45108,155.17384
390.15274,192.33167,455.63995,146.23448
346.61734,214.57922,395.42456,158.74297
349.32114,165.9325,414.73285,100.92554
343.5152,189.35753,400.10596,127.32244
375.89758,211.90297,432.05948,164.75523
383.77173,196.45508,446.30957,148.82341
355.98898,239.93925,398.6501,192.38733
347.97803,184.3775,407.03995,122.83609
322.6245,167.63521,381.92044,94.36733
394.54346,201.08372,457.1941,159.79523
369.11877,239.78026,414.50598,195.98495
340.35535,183.60733,398.04666,119.29136
323.64804,182.29141,378.2656,112.27235
407.4984,160.83656,486.35672,113.2996
407.4984,160.83656,486.35672,113.2996
475.3828,216.84625,550.3055,203.14815
403.66684,224.28535,461.28796,188.66183
460.2195,211.24934,533.77814,191.34534
468.34753,224.01866,539.39746,209.69748
402.9449,217.53033,462.51324,180.43614
457.19632,205.44891,531.9677,183.68246
407.21463,217.17303,468.03973,181.3148
471.57373,221.03084,544.31506,207.17516
420.3738,213.09006,485.1301,180.66426
478.53513,226.53693,551.00287,215.89839
419.0516,219.21602,481.44653,187.8529
407.5394,223.8158,466.05637,189.21353
471.9426,232.50514,541.13354,220.72357
432.41504,216.91298,498.4543,189.6183
477.67966,212.41478,554.51324,198.76564
474.07822,171.86096,563.38446,148.31218
414.97855,206.15063,480.94046,171.03722
400.55945,196.45676,466.46408,154.5517
503.68448,225.48471,581.8609,223.11035
552.61725,207.22084,646.5703,216.45555
552.61725,207.22084,646.5703,216.45555
542.9429,235.71541,625.94666,247.95653
537.87714,222.51288,624.12756,229.90553
490.02185,237.14911,561.4748,231.79016
490.02185,237.14911,561.5514,232.71797
517.07526,196.87892,607.1641,192.7588
517.07526,196.87892,607.1641,192.7588
507.6049,230.01788,584.88464,229.89119
509.96686,176.61449,605.1158,165.79977
559.43933,187.49211,661.22205,194.58054
523.8951,225.27022,606.08124,229.1849
542.09906,229.50789,626.74945,240.02753
546.92584,228.56322,632.8344,240.4988
557.7077,204.4011,653.86096,214.98557
513.27136,211.58289,597.74084,209.12209
543.1211,217.98492,631.5633,226.51514
543.1211,217.98492,631.5633,226.51514
528.10187,217.05673,614.59717,219.23051
511.22723,192.15201,601.7159,184.74284
511.22723,192.15201,601.7159,184.74284
633.026,227.27016,737.3669,266.8868
631.8435,186.64862,748.84344,217.48773
595.89954,224.7119,693.0563,251.60089
570.0182,219.68886,663.6797,237.19835
577.39124,226.61118,670.31757,247.86331
592.6845,205.24852,695.66,227.02579
573.5107,212.61319,670.3436,229.07306
567.0301,160.89885,679.1141,165.19476
569.4149,180.43518,675.9032,189.67018
569.4149,180.43518,675.9032,189.67018
592.5211,184.93466,702.0513,202.45618
584.90247,160.01813,701.0266,169.98125
582.02313,218.14293,678.5149,239.29353
569.4671,195.03154,670.81793,207.60063
569.4728,194.89513,670.99664,207.17119
612.9046,161.54016,734.15436,180.9203
599.87744,227.22018,697.3813,256.03992
633.4972,236.52882,734.89026,277.59924
633.4972,236.52882,734.89026,277.59924
575.8288,216.38449,671.66077,234.97125
634.6936,216.88283,742.7619,253.6297
634.6936,216.88283,742.7619,253.6297
568.5925,186.46443,672.70386,195.84897
658.65216,198.90813,777.2984,241.00935
644.9482,187.1251,764.61707,222.21489
652.8654,192.36662,772.4547,231.15273
665.0977,221.04239,777.84973,269.6577
654.6143,196.72365,773.1896,236.96146
654.6143,196.72365,773.1896,236.96146
669.23895,228.99446,780.5759,280.3907
651.0427,166.58125,778.5281,199.17198
56.69593,313.15366,13.579193,183.98354
75.58736,273.57748,49.18473,142.18745
56.446953,252.50452,32.93795,110.682304
56.446953,252.50452,32.93795,110.682304
64.40755,247.60954,44.201973,107.37849
64.40755,247.60954,44.201973,107.37849
64.45366,275.2818,35.115444,140.65479
64.017296,291.47037,29.208513,160.15349
52.59262,299.58295,13.096639,166.16806
52.59262,299.58295,13.096639,166.16806
71.19618,293.38754,37.508293,164.69109
49.826176,260.1923,22.473883,117.79102
49.826176,260.1923,22.473883,117.79102
49.109444,291.73727,11.322007,155.70312
73.22505,282.75986,43.526413,152.48128
73.22505,282.75986,43.526413,152.48128
69.18694,254.4012,48.726944,117.28756
68.20556,241.41106,50.77871,100.96017
74.08406,242.62186,57.67895,104.849205
84.91366,301.427,51.481014,179.17587
84.91366,301.427,51.481014,179.17587
102.65689,288.0528,77.361755,168.72696
82.97477,257.28723,63.668827,125.24243
110.956406,267.8247,93.66103,147.05731
90.67489,288.51205,62.604416,165.18138
90.67489,288.51205,62.604416,165.18138
158.15897,267.8984,150.79929,162.15753
138.92694,240.86757,136.3359,123.10376
115.05196,287.8751,92.21005,172.31206
108.83975,263.43835,92.625725,140.8399
120.78925,273.94748,103.66161,157.36322
130.92885,302.54965,106.566956,195.09552
127.04232,270.0724,112.531815,154.58446
137.62907,298.77362,116.05189,193.11844
120.48229,267.33606,105.348045,149.16374
138.73262,252.00897,132.36475,136.74025
138.21304,307.38565,114.13322,203.49707
153.9136,297.94016,135.70856,196.37529
103.718834,302.23874,73.908516,186.09422
101.93698,265.08762,83.844696,140.4582
149.81328,245.89886,147.87505,133.48631
115.549576,304.23312,87.4479,192.11308
146.59882,240.80713,145.49052,125.64522
197.10129,301.06802,186.94826,214.74
190.80302,313.48264,175.4538,227.71782
190.80302,313.48264,175.4538,227.71782
190.80302,313.48264,175.4538,227.71782
213.99893,260.66006,220.54602,171.40628
226.53967,299.39932,223.15636,222.39207
231.16447,266.2582,239.40257,183.82549
229.64026,298.7295,227.11046,222.34103
229.64026,298.7295,227.11046,222.34103
239.53926,246.7396,256.10583,162.97386
178.36742,298.82178,165.13821,206.3201
232.41278,296.9719,231.1177,221.11789
181.08963,243.65822,186.29303,140.1935
231.55635,315.2302,224.15683,242.96738
218.22765,252.60106,228.25502,163.21585
226.54297,264.5053,234.49371,180.41985
183.71115,251.83905,186.8384,151.09099
168.73167,248.22333,169.94376,141.82718
215.5196,253.16742,224.82954,162.88643
183.55992,258.58618,184.55661,158.95325
163.00429,254.6205,160.94205,147.57402
173.43839,257.88293,172.46558,154.97125
223.2836,251.51965,234.13065,163.25716
236.96924,241.66345,254.42499,155.67175
160.01645,319.1275,136.42502,223.90285
160.01645,319.1275,136.42502,223.90285
191.05571,248.84346,196.38477,149.87352
191.05571,248.84346,196.38477,149.87352
256.89047,256.66956,273.6534,180.49011
265.0881,287.23883,273.57443,220.0145
276.06393,302.84055,281.73236,242.51598
289.0059,305.7018,296.40652,250.02576
298.12366,250.4941,325.42175,186.36877
298.12366,250.4941,325.42175,186.36877
279.38925,303.50845,285.64047,244.07526
253.01468,260.8111,267.74258,184.23792
273.06107,303.59955,278.09302,242.61964
273.06107,303.59955,278.09302,242.61964
288.29022,257.2121,311.27917,191.39487
306.8894,275.52768,327.69498,219.57874
293.67688,280.4364,310.35458,220.747
279.58572,299.04727,287.31436,239.08041
305.23532,260.3635,330.89145,200.84001
266.17563,266.6009,281.66803,195.59306
260.10477,258.1289,277.03177,183.39188
260.10477,258.1289,277.03177,183.39188
240.11426,268.5113,249.48279,189.36978
293.17474,313.81012,298.90494,261.1202
287.63574,282.9061,302.58633,221.25227
287.63574,282.9061,302.58633,221.25227
307.2504,269.9801,329.86838,213.0091
270.12408,291.52722,278.33762,226.84746
256.32742,261.07938,271.5145,185.4606
271.4881,305.7221,275.35574,244.43022
291.19223,311.49667,297.10236,256.93814
258.17264,245.49165,278.67877,167.43686
298.087,279.24933,315.97806,220.0043
354.4864,284.1077,382.48444,245.21066
363.25867,274.49664,396.3817,236.43016
361.4849,292.47702,388.37003,257.5419
386.62537,262.93365,428.3843,230.50047
368.02255,253.5003,408.9225,212.4097
381.38095,279.6613,416.569,248.75528
381.38095,279.6613,416.569,248.75528
369.5462,294.36053,397.11984,262.8353
350.66968,286.97137,377.05972,247.70628
350.66968,286.97137,377.05972,247.70628
383.93927,290.5966,416.11246,262.6368
339.5033,287.41867,363.40897,244.33997
386.91956,289.15295,420.05313,261.47586
351.23376,242.06984,392.36325,193.654
371.9463,249.36061,414.7358,208.37416
333.87726,289.21667,356.08853,244.3638
373.62225,286.50497,404.84415,254.43149
373.62225,286.50497,404.84415,254.43149
350.958,282.48767,378.79337,242.15932
347.89847,287.9812,373.38184,247.87694
374.50812,253.68788,416.59836,214.9279
357.80905,247.47026,398.36948,202.15804
357.30594,293.65387,382.92877,257.63776
357.30594,293.65387,382.92877,257.63776
373.9331,294.0165,403.0656,263.7833
373.90048,245.28938,418.4745,203.99776
348.68643,306.52856,368.3868,270.6154
450.61975,252.80432,508.76987,238.46619
450.61975,252.80432,508.76987,238.46619
450.61975,252.80432,508.76987,238.46619
403.37317,291.55988,439.14948,270.21573
472.41068,266.8833,530.7333,262.28876
472.41068,266.8833,530.7333,262.28876
428.43246,274.5161,474.80664,257.9775
436.41608,282.4864,482.03436,269.8256
418.54166,266.5509,465.56744,244.94157
445.4076,279.07526,494.00266,268.61273
408.182,265.42853,453.4341,239.78247
431.00836,273.9893,478.1741,257.75015
440.2404,286.44562,485.378,275.93997
407.2951,297.60904,441.93768,278.57553
419.41046,269.5037,465.70544,248.91899
455.31323,275.05975,507.0532,267.164
428.54224,278.5281,474.05417,262.42355
401.96884,269.11945,445.2904,241.72038
449.27377,259.98132,504.8418,247.24924
476.14883,302.79837,523.41895,307.1163
405.5892,265.3051,450.29465,239.15921
425.7872,256.4133,477.82144,235.51352
426.81912,263.38828,476.55435,243.64977
438.41928,254.30388,493.58542,236.44704
429.68463,256.54926,482.2046,236.31268
451.45184,272.0757,503.57373,261.94482
421.5892,252.27563,474.16867,228.96065
421.5892,252.27563,474.16867,228.96065
416.6114,252.01685,467.90942,226.5737
422.7789,268.3655,470.475,247.76695
400.0564,292.1903,434.9913,269.7654
461.52832,289.78885,509.98236,286.3278
400.65643,252.45801,448.61545,221.80722
405.88885,253.74179,454.6104,224.86676
405.88885,253.74179,454.6104,224.86676
454.56143,243.62398,516.6957,227.9974
454.56143,243.62398,516.6957,227.9974
450.98428,242.04135,512.7653,225.44945
412.35883,297.47977,448.08017,280.21835
406.94107,292.95453,443.0773,272.77805
410.7172,245.05911,463.2416,216.49986
410.7172,245.05911,463.2416,216.49986
545.6299,319.14078,602.1086,349.6426
502.34143,240.59244,575.1335,240.46681
538.6228,244.9412,617.59,257.4506
541.7273,278.74057,610.3018,299.27567
541.2158,314.6924,598.044,342.65878
519.7888,317.46942,571.3142,339.18985
549.24963,303.2699,611.6555,331.72562
548.8761,298.41034,612.961,325.28897
551.4666,258.30774,628.70483,278.27136
551.4666,258.30774,628.70483,278.27136
498.0018,288.17606,554.5204,296.61682
527.4147,313.06815,582.5643,335.52765
495.07748,281.55762,553.1416,287.81226
495.07748,281.55762,553.1416,287.81226
556.6028,290.49002,624.4747,318.17545
545.7058,240.17078,627.69806,254.29114
545.41284,283.98898,613.0036,307.3428
483.11002,283.6213,538.2097,286.20526
524.7534,266.1009,593.9713,278.23404
494.0647,243.34131,564.1309,240.76842
606.851,265.72153,693.23413,304.75958
609.36993,297.86588,686.01086,344.1881
590.4825,254.60042,676.94653,286.07977
590.99744,290.50906,666.37274,329.05396
596.60065,300.31058,669.9282,342.483
592.9782,241.72318,684.29266,271.10373
586.5222,258.37726,671.0378,288.9425
603.7673,284.49228,683.6213,326.09662
585.905,315.03876,651.9504,357.33188
585.905,315.03876,651.9504,357.33188
617.1488,318.92133,687.8908,372.55307
627.2425,312.4571,703.9132,366.56808
566.0705,316.49942,628.0008,352.38968
564.9768,289.50403,635.1359,320.46246
564.9768,289.50403,635.1359,320.46246
632.59406,264.9418,724.58295,311.81393
606.0442,287.04364,684.63385,331.05505
689.9723,281.60294,788.70294,350.8027
689.9723,281.60294,788.70294,350.8027
644.9755,295.87708,729.42365,353.45932
644.9755,295.87708,729.42365,353.45932
669.16907,277.11856,764.639,338.6944
647.2452,298.99097,731.25854,357.62427
648.4846,292.90512,734.5637,351.1801
648.4846,292.90512,734.5637,351.1801
641.7486,282.62946,730.0076,336.48297
657.0627,288.47098,746.62787,348.40414
665.2762,299.92447,752.665,364.906
655.96,308.33545,738.6389,372.15482
673.4674,279.85147,769.2732,343.78146
693.2153,281.1822,792.5679,351.1508
640.0739,295.68185,723.9651,352.13736
63.309418,335.89188,14.241312,213.53345
77.25497,368.19373,20.779892,257.07394
77.25497,368.19373,20.779892,257.07394
66.31513,340.65872,16.289322,220.18822
78.82063,377.65585,19.193232,269.7643
62.948315,343.79633,11.205018,222.91295
154.99039,359.10352,117.56592,271.13632
80.46935,351.74725,29.883718,238.10645
80.46935,351.74725,29.96188,239.13971
93.254974,369.45667,39.50292,263.83438
101.89901,389.0157,43.831635,290.2682
93.687614,387.7537,34.154682,286.0738
119.10157,340.61996,80.11193,237.20868
119.10157,340.61996,80.11193,237.20868
120.45829,372.36346,71.48936,275.9665
127.00983,354.14655,85.2808,256.3105
127.00983,354.14655,85.2808,256.3105
102.995514,322.8065,66.22491,210.89168
84.7185,367.58386,29.710304,258.8639
84.7185,367.58386,29.710304,258.8639
107.1555,325.8714,70.47229,215.78708
121.20205,376.9992,70.88296,281.85986
121.20205,376.9992,70.88296,281.85986
85.55344,381.71423,26.308369,276.3111
89.05778,362.7577,36.570446,254.21236
92.929985,381.78564,35.08666,278.34064
154.1196,328.05173,126.35629,233.55615
114.03528,330.02786,77.824814,221.96588
148.8253,344.04184,114.813416,250.79158
89.120056,342.7642,43.081432,230.28969
97.307846,387.5218,38.559364,286.8706
155.67421,392.3241,107.91192,311.83667
117.88913,387.67484,63.400726,293.72092
89.47858,389.27512,28.588724,286.56964
89.47858,389.27512,28.588724,286.56964
93.01929,334.9103,50.41669,221.80244
143.37154,377.31537,97.51559,289.36557
182.37334,340.67966,156.37625,257.80243
182.37334,340.67966,156.37625,257.80243
205.40251,339.46817,184.67374,263.7089
236.56595,339.13605,222.78978,273.37527
196.01508,338.9826,173.67165,260.08414
219.87215,352.44055,197.90082,284.2334
234.51222,334.68875,221.46214,267.4789
223.71178,355.6281,201.39272,289.05997
228.18077,333.9877,213.92859,264.49268
165.5618,364.65564,128.5084,281.1478
172.2448,365.35614,136.47047,284.72192
196.2812,380.96945,160.10468,310.79163
183.74777,396.42752,139.761,325.21237
184.08826,361.968,151.63593,283.87195
294.18878,384.8586,277.19778,347.43112
319.82214,339.60342,322.7566,301.0415
289.6226,374.35626,275.0263,333.12567
268.323,387.84842,244.94917,342.47952
309.16302,336.8911,310.67798,294.39325
288.3251,330.80197,287.57394,280.09845
291.01596,367.21152,279.05103,324.6812
269.46085,381.14783,248.5085,335.05463
317.0714,339.93863,319.29852,300.49103
272.31747,394.71732,247.59384,352.14285
310.95563,345.62775,310.15247,305.3333
310.95563,345.62775,310.15247,305.3333
289.77527,354.38495,281.41998,308.9638
251.4108,387.8784,224.60178,337.26746
251.4108,387.8784,224.60178,337.26746
302.4204,350.8772,297.90628,309.34265
258.4179,388.83075,232.62123,340.1467
292.25253,356.9927,283.81894,312.6428
289.35657,342.83508,285.0173,294.99982
304.61472,336.31134,305.43866,292.30893
264.37372,399.53937,236.35262,355.5397
264.37372,399.53937,236.35262,355.5397
316.6538,355.31656,313.78198,318.91513
296.5576,355.72885,289.4205,312.8699
302.22934,388.87564,285.89536,354.9471
256.1249,381.67273,232.31825,331.4464
269.95175,345.83707,260.71582,292.59448
279.95868,378.47305,261.96808,335.04324
285.46573,384.80786,266.67883,343.96005
352.53372,385.58188,347.41516,367.14386
352.95474,334.1431,364.81262,304.27432
345.6742,397.29065,335.30466,379.0734
365.51508,391.29413,361.29352,378.19287
364.70145,380.92514,363.59564,365.40198
346.07132,379.06012,341.62527,357.15915
352.42593,348.82874,359.13663,322.46765
356.3828,391.76672,349.731,375.9924
354.17288,361.80154,357.13058,338.78415
354.06476,357.0078,358.33182,333.49445
350.7537,358.88443,353.99747,334.29138
367.27518,386.8928,364.7435,373.57162
383.1943,373.4814,388.7523,361.37186
348.4812,386.19443,342.32675,366.351
349.8872,391.14236,342.37775,372.8289
378.69443,353.27475,389.39542,336.63403
378.69443,353.27475,389.39542,336.63403
393.5465,398.99384,391.67438,397.2202
343.15182,391.30005,333.66193,371.53928
343.15182,391.30005,333.66193,371.53928
420.6929,332.1046,446.96396,324.27557
471.89963,332.274,508.83682,341.3226
402.16376,366.9226,413.31372,360.63684
477.26828,324.7017,517.6268,334.48334
473.9984,344.2625,507.27353,356.78207
448.81287,387.80768,462.93964,401.00745
410.06174,348.39056,428.9321,340.73248
455.07538,329.8245,489.2621,332.85535
455.07538,329.8245,489.2621,332.85535
451.21942,378.68765,469.1204,390.649
477.40695,346.18518,510.8712,359.81433
477.40695,346.18518,510.8712,359.81433
423.26837,332.0912,450.01236,325.561
402.69916,366.65668,413.9124,360.53098
416.02997,348.60394,436.07697,343.06128
439.99414,360.84265,461.1764,365.7674
439.99414,360.84265,461.1764,365.7674
404.96478,363.54465,417.81622,357.43042
410.69238,355.54755,427.3538,349.69455
413.13272,348.6705,432.55496,342.03577
443.27463,357.1144,466.07907,362.01758
450.14127,398.75458,461.46417,414.25314
438.37286,385.2141,451.14874,394.6719
458.53632,399.33224,471.1044,418.371
419.52228,376.18735,431.30414,377.2135
419.52228,376.18735,431.30414,377.2135
401.01965,351.67844,416.83035,341.97095
408.11728,396.31638,411.0643,398.1769
401.14462,344.66782,419.10757,332.84036
514.2088,362.8713,550.0142,392.44418
514.2088,362.8713,550.0142,392.44418
490.0243,379.02466,515.5406,403.82416
517.1638,367.4007,552.0645,398.39597
528.1562,399.142,555.3477,440.96103
491.62064,322.7671,535.576,336.08408
504.69162,373.89627,534.78485,402.202
495.37967,388.9508,518.833,417.17615
485.9087,381.61844,509.19516,404.78864
481.91815,343.06052,517.303,357.52054
557.11743,349.4896,606.18494,389.3902
554.0973,390.50647,589.0024,438.20624
511.78342,357.96994,548.3404,385.3001
547.4016,384.17377,583.0378,428.30804
547.4016,384.17377,583.0378,428.30804
531.5078,331.92462,580.90283,359.94742
533.18304,341.32318,579.6822,372.06458
516.801,361.58322,553.52545,391.63025
516.801,361.58322,553.52545,391.63025
520.6831,371.72864,555.077,404.57324
520.6831,371.72864,555.077,404.57324
525.0797,364.48605,562.4712,397.24203
525.0797,364.48605,562.4712,397.24203
520.20654,364.47708,557.35925,397.5707
517.95,351.15762,558.3559,379.7469
579.92084,329.5594,640.294,372.621
628.1115,398.69806,675.72345,472.0448
638.7375,322.03595,713.44946,383.00497
621.32935,340.1534,686.67706,399.22006
617.4173,347.7704,679.2397,406.95514
598.1837,340.58902,658.37787,392.81085
607.2064,387.16364,654.4182,451.02133
560.6985,382.9532,599.5747,431.36768
560.6985,382.9532,599.5747,431.36768
609.35443,347.44003,669.7688,404.18298
602.614,341.46637,663.5239,394.95255
626.6846,391.1861,676.57056,462.52014
626.6846,391.1861,676.57056,462.52014
618.1526,384.22437,668.53656,451.418
563.9339,382.8227,603.47015,432.4951
600.62836,383.35953,647.7205,444.60287
560.10016,374.80844,601.8222,421.07242
622.7234,395.03088,670.6478,467.04303
647.4913,379.68237,705.32043,455.78693
671.0697,388.83734,731.09064,473.6935
717.2258,384.28656,788.20856,483.49356
708.7687,388.389,777.12366,485.4919
708.7687,388.389,777.12366,485.4919
660.2958,368.76382,724.43835,446.29144
682.15216,362.2891,753.004,445.61328
650.34564,340.95728,721.26196,409.88425
697.45605,359.88898,772.16754,447.53574
699.00214,358.01816,774.44104,446.01096
699.00214,358.01816,774.44104,446.01096
719.0924,389.5243,788.7921,490.66162
719.0924,389.5243,788.7921,490.66162
679.09814,363.97064,748.7885,446.06924
640.82697,346.47968,707.9929,413.2265
640.82697,346.47968,707.9929,413.2265
667.87823,385.1839,728.9298,467.93234
679.37006,367.78452,748.00653,451.29504
674.6322,336.92197,752.01447,412.78683
713.43896,353.49854,793.4666,444.70093
696.96,398.6253,758.7028,494.1498
665.7642,359.20294,734.0151,436.58905
702.45874,379.34674,771.7842,472.94293
147.10939,477.4745,69.74516,411.56647
110.804794,411.84512,47.046516,320.68314
109.849464,411.2155,46.731995,320.02875
102.0965,475.1323,16.18274,392.93542
141.97433,437.7889,76.36429,361.56744
108.67299,419.13162,41.893402,330.0144
129.94914,459.45337,53.149815,384.6627
183.62758,408.1936,135.85568,340.03842
239.03659,402.24048,204.97404,350.41977
225.35165,402.03735,188.565,345.76767
217.51802,423.83624,171.91798,369.67615
190.09929,414.16248,141.93753,348.9619
174.01965,453.46384,109.884964,391.19324
174.01965,453.46384,109.884964,391.19324
219.30438,476.13324,157.2344,433.3068
232.92285,471.28287,175.24155,432.01846
238.69296,447.3285,189.98549,404.81857
181.51096,478.98062,110.646385,424.42203
190.46857,401.94217,146.3717,334.4718
165.03224,442.08167,102.8103,374.201
194.63025,469.1854,129.6615,417.10394
222.36108,477.4182,160.384,435.9947
211.34308,449.40427,156.22092,398.47665
259.64117,419.0384,224.34117,377.52106
259.64117,419.0384,224.34117,377.52106
297.7183,415.49295,271.55276,385.34015
272.01947,467.17084,223.80843,439.5532
297.0645,419.8829,269.1886,390.8947
267.38763,443.87253,225.7759,409.87332
260.53183,451.3544,215.037,416.82764
262.87933,418.40262,228.48036,377.77863
274.7245,427.8429,239.68085,393.0885
255.13493,418.97946,219.28918,376.48883
308.7928,409.3917,286.89474,381.5232
268.25485,408.3626,238.23184,367.26126
252.9778,448.2494,206.9281,410.47324
254.01318,458.74728,205.24187,423.61685
245.21951,465.62216,191.95116,429.1104
245.21951,465.62216,191.95116,429.1104
276.95404,412.03323,247.79405,374.55566
308.81952,443.6373,275.4672,422.95483
253.44374,407.2142,220.87779,361.1488
314.91666,460.06897,278.07895,444.45334
240.0435,479.6127,181.12415,444.25763
240.0435,479.6127,181.12415,444.25763
277.1185,441.0857,238.416,409.59064
264.6606,457.7295,217.86409,425.76672
393.35995,403.96497,390.75882,402.65887
334.55313,413.6922,316.6539,395.07944
331.27988,427.8906,308.3537,411.50183
353.05988,406.30106,341.6591,392.27225
352.68484,438.1501,330.48294,430.79987
352.68484,438.1501,330.48294,430.79987
335.3213,440.78845,308.83063,428.1616
399.20065,400.78674,399.13632,400.65887
326.88257,479.77426,285.8052,472.46198
334.44803,470.229,298.208,463.6966
353.04123,415.32794,338.40683,402.9929
353.33914,406.67276,341.4291,391.91147
326.0358,456.5781,292.3492,444.34668
331.3709,414.4861,312.7505,394.59
346.476,434.41977,324.2183,424.23688
332.6002,452.13467,301.88034,440.939
332.6002,452.13467,301.88034,440.939
353.8758,430.04388,334.7559,421.20346
344.28036,415.97827,327.57715,401.191
322.70346,455.2132,288.95242,441.39474
339.43903,436.05438,315.19327,423.8182
361.97003,400.40424,353.68518,388.2737
336.12982,466.00925,301.55005,458.84225
361.67694,424.41678,345.8697,417.1272
371.8966,410.46823,362.71252,403.52692
342.53293,411.50497,326.89612,394.97385
428.35715,406.2714,432.16733,416.71857
460.96844,410.58966,470.29248,432.48535
451.56015,401.58685,461.60938,418.4784
451.56015,401.58685,461.60938,418.4784
460.4019,407.66293,470.63553,428.1612
460.4019,407.66293,470.63553,428.1612
550.82715,443.388,568.1296,500.85248
521.74695,408.94034,544.0983,449.98978
534.854,417.26126,557.41626,465.5403
528.7222,429.52155,546.01965,477.32556
528.7222,429.52155,546.01965,477.32556
525.04047,411.643,547.0829,454.0703
505.6129,406.97452,525.24384,442.5945
542.65326,444.32462,557.85376,499.42523
512.02356,408.11044,532.63574,445.85968
524.86816,418.15482,545.9019,463.5031
501.7082,404.8476,521.2247,438.62903
501.7082,404.8476,521.2247,438.62903
535.9668,403.3597,563.1191,447.48013
503.70236,413.59744,520.94525,449.69452
538.01465,444.8685,552.7506,498.76953
589.0974,459.22205,609.359,533.8367
564.2047,453.18237,581.1007,517.4238
610.41693,428.69263,645.2826,502.54263
566.2956,476.31998,576.02545,545.6953
579.4914,427.96747,607.78937,491.76785
579.4914,427.96747,607.78937,491.76785
569.7864,459.79904,585.661,527.0494
570.7814,463.34616,585.84863,531.6928
619.0766,430.6645,654.7194,507.7796
616.4202,400.50876,661.29767,469.91663
584.1517,468.06924,600.26385,541.1157
601.351,430.07907,633.24695,501.08435
625.47986,403.172,670.9991,476.59644
596.318,405.98428,635.23035,470.56522
605.41675,431.36536,637.5398,503.88385
650.51776,455.41818,684.77356,547.7243
673.0372,446.4219,714.59436,544.20294
673.0372,446.4219,714.59436,544.20294
709.60114,410.2249,770.4233,512.4196
646.56213,459.42572,678.4058,551.235
699.0093,424.3533,753.2657,525.95184
709.3602,460.9543,753.71954,573.48737
652.19836,458.91476,685.6325,552.6585
674.38873,459.65195,711.8012,560.6849
694.7108,410.4866,752.45764,507.77728
702.2307,424.7238,756.9327,527.2304
680.17426,428.9373,729.02625,525.50226
697.51917,439.37704,746.4237,543.6966
714.16724,463.02496,758.873,577.374
714.16724,463.02496,758.873,577.374
677.21735,438.79425,722.3296,536.54535
665.4946,456.9106,702.0228,554.6798
696.5922,408.1287,755.43036,505.5728
674.909,438.04193,719.5321,534.7583
672.2427,457.1407,710.1817,557.0768
657.9876,423.20157,703.9612,511.39795
671.50366,418.45786,722.0225,510.14096
701.36835,444.08487,749.8218,550.78046
698.2941,454.129,742.82227,561.7067
701.4543,411.17746,760.60175,510.75177
705.03876,445.0714,753.61096,552.951
705.03876,445.0714,753.61096,552.951
706.2335,461.3016,749.92804,572.87964
713.05145,458.903,759.6861,572.09625
713.05145,458.903,759.6861,572.09625
733.28595,433.9403,791.5736,548.5805
733.28595,433.9403,791.5736,548.5805
729.1211,467.5618,775.58875,587.952
727.3478,438.25272,782.84717,552.1274
730.0367,434.50696,787.3507,548.4697
732.90607,439.51956,789.369,555.3293
731.0717,472.95267,776.3165,595.0307
723.7644,473.5333,767.07544,593.4909
725.6632,453.1952,775.9939,569.25183
720.0076,428.26562,777.479,537.17993
137.91898,519.9752,44.750427,460.02853
115.965096,540.1702,11.93941,478.01132
127.599464,547.9498,23.36768,490.6111
140.77528,499.40317,55.48731,438.75766
130.55902,554.65424,24.86071,499.3056
203.29425,503.85382,128.96046,461.43884
199.21965,500.26114,125.13344,456.14273
166.14426,528.52985,76.06622,479.7998
166.14426,528.52985,76.06622,479.7998
195.21527,492.14948,123.32278,445.2965
172.42975,536.6289,81.098495,490.96017
187.62979,514.60675,106.02796,469.93585
238.91173,511.14816,169.65257,482.01038
238.91173,511.14816,169.65257,482.01038
203.67467,491.9037,133.39572,447.38037
182.49638,503.0752,103.83912,454.10895
235.01443,481.656,174.50137,444.97675
230.86078,481.40884,169.40915,443.59616
203.6342,484.07806,135.65027,438.03436
219.55579,531.39746,139.5357,499.96472
228.97417,541.5121,146.31844,517.9558
275.71252,537.81683,205.51141,525.9763
318.63495,506.22876,267.31403,502.51328
281.48694,507.13525,222.22879,491.18918
291.63663,490.58646,240.14838,474.03717
312.14136,556.77905,243.1923,560.65826
279.18274,518.78015,215.94777,504.31836
313.37177,525.4271,255.02832,522.9743
318.28265,532.03796,258.57672,532.92084
300.9178,504.118,246.89397,493.26874
249.01834,529.4808,175.83765,507.32855
318.1629,542.3854,255.01167,545.4782
281.2021,522.51056,217.05759,509.07803
267.85876,510.52673,204.70134,490.71442
251.46109,495.8424,189.64755,467.4445
281.85077,508.42947,222.36131,492.39594
244.62694,487.97964,183.95409,455.78598
286.7819,498.08084,231.62634,481.79443
305.01022,530.9756,242.9791,527.2365
319.27307,516.2835,264.51718,516.17554
319.2633,554.9047,252.68399,560.8923
251.76448,496.14578,189.78354,467.9559
275.91446,527.56366,209.81584,515.72375
275.92926,508.22195,215.27437,490.1916
250.72362,536.7227,175.58546,516.5279
325.49637,513.4085,273.722,512.94775
326.56815,521.32465,272.18707,522.64575
325.79242,538.5206,265.58307,543.45166
320.1869,484.82886,276.29617,476.35727
552.9402,481.20407,557.3473,548.9389
602.39105,530.5628,601.9446,623.8721
601.5364,535.5969,599.3617,629.2931
622.7927,545.04156,622.09216,646.97546
629.15906,524.31604,636.5234,623.946
590.8298,525.10803,589.9348,612.3569
588.0364,494.53937,596.4306,574.51324
588.0364,494.53937,596.4306,574.51324
581.7362,525.21686,578.80145,610.2752
598.63196,484.44943,612.19366,566.6266
598.6039,554.7663,589.0248,652.1674
591.3459,515.44434,593.73535,600.9416
616.3546,512.5195,624.8465,605.94037
614.46985,535.567,615.10846,633.1407
633.00336,523.49634,641.4586,624.4026
583.0707,487.15344,593.40485,564.5422
624.42694,523.96704,631.02466,621.68286
631.25256,529.5466,637.36694,631.1996
628.138,508.86404,640.40796,605.0807
621.6853,516.98773,629.92975,612.76196
626.9302,545.3619,626.9223,648.83405
626.9302,545.3619,626.9223,648.83405
620.0228,521.4686,626.1789,617.65643
616.7009,503.16763,628.7443,593.89557
616.7009,503.16763,628.7443,593.89557
582.9123,541.1419,576.5681,627.68665
702.13696,503.44833,731.5785,622.6681
709.6707,504.71768,739.932,626.09424
688.0998,510.35165,712.158,626.24866
694.2005,519.6837,716.5275,639.5986
698.7357,488.93713,731.88196,603.97406
684.8373,531.61566,701.3804,650.9966
688.9661,537.848,704.8302,660.62854
712.7545,540.62823,732.23926,670.89075
712.7545,540.62823,732.23926,670.89075
717.33856,509.93054,747.73193,635.4629
685.30634,539.0311,699.53314,660.0798
647.48865,482.46683,671.7205,580.14026
668.8051,500.525,691.74585,608.2218
685.05865,500.5494,711.50604,613.76
685.05865,500.5494,711.50604,613.76
694.9719,487.90558,728.1458,601.4155
717.99506,544.51416,737.492,677.43256
651.8556,542.02216,658.42175,652.7898
687.9376,559.4346,696.1599,685.5396
691.17365,544.2039,704.85693,667.4762
755.602,517.19275,791.428,656.482
751.8053,545.75226,777.6498,689.7235
737.5872,521.568,768.463,655.9741
743.8844,507.48773,780.5322,641.68207
745.08026,526.36664,775.2422,664.0205
740.41284,502.305,777.64325,632.9357
744.9114,509.67838,780.9925,643.484
738.36707,517.89703,770.46234,651.6623
746.3058,486.06213,790.32153,615.9778
157.11855,625.08636,34.058666,592.7435
157.11855,625.08636,34.058666,592.7435
155.0049,586.6501,43.734253,545.9461
153.28752,573.1754,45.925156,529.04144
135.8976,564.5167,27.927233,512.584
142.05408,584.62134,28.869902,539.1842
142.05408,584.62134,28.869902,539.1842
144.13103,596.63153,27.524456,554.3875
225.21637,615.1803,119.44971,603.0383
225.21637,615.1803,119.44971,603.0383
171.31633,623.60065,51.637043,595.75433
227.5311,563.8523,138.76373,542.0393
216.31934,613.1481,109.35033,597.69696
222.10197,614.7692,115.86739,601.3963
188.26688,612.8642,75.635704,588.87915
167.24551,616.07666,49.150017,585.34357
175.68336,628.1561,55.411037,602.73157
193.65503,627.9828,77.1098,608.3428
179.42421,622.75653,61.559635,597.21936
179.42421,622.75653,61.559635,597.21936
170.99777,607.4766,56.29114,576.52826
219.21097,613.9844,112.38628,599.82306
219.21097,613.9844,112.38628,599.82306
228.47147,614.3339,123.64093,603.2086
189.1523,618.2371,74.85548,595.0891
189.63446,626.788,72.678955,605.53424
198.67822,622.1323,84.87293,603.0547
224.95349,561.92267,136.53767,538.515
167.9168,625.5265,46.848602,597.07666
165.48517,620.0129,45.88162,589.4716
170.3329,611.68854,54.17317,581.0296
197.17943,628.11945,81.47329,609.4187
223.539,606.58813,119.90685,592.29047
232.9898,601.65393,133.07217,589.30835
199.2337,568.595,103.085335,538.5245
199.2337,568.595,103.085335,538.5245
198.8951,614.0951,88.0452,593.10834
198.8951,614.0951,88.0452,593.10834
279.402,638.97125,177.11752,649.38043
284.46548,617.10803,190.28601,624.7569
284.46548,617.10803,190.28601,624.7569
257.4234,601.70435,162.74718,597.32263
292.30698,589.6227,208.69717,593.8617
272.8507,629.09283,172.38867,635.1942
297.0608,617.8257,205.28448,629.79486
249.49324,560.30853,166.3369,544.86444
249.49324,560.30853,166.3369,544.86444
286.02432,565.8851,208.71056,564.2559
247.72096,611.41614,147.85083,605.89624
257.41357,567.1742,173.77495,555.60364
257.41357,567.1742,173.77495,555.60364
257.41357,567.1742,173.77495,555.60364
316.74783,580.41907,241.2633,591.21106
288.19547,578.112,207.38446,578.7237
268.0273,597.005,176.94801,595.0722
295.4008,587.2373,213.23442,592.1603
265.05844,594.13806,174.29126,590.71545
272.46933,591.63367,184.05795,589.9715
300.2913,615.4373,209.9212,627.8649
260.501,586.6289,171.18768,580.21564
308.9318,579.1879,231.54817,586.8709
306.81277,623.0737,214.76617,640.43097
314.93015,624.926,224.5345,644.1759
385.1915,637.84467,305.2847,682.3916
327.5999,571.1405,257.66208,582.8654
322.28488,588.1239,245.38312,601.9277
350.36047,616.8317,269.85104,645.58514
352.66498,636.9225,266.2997,670.5235
352.02563,605.80927,275.64496,633.0188
332.87097,601.39404,253.94312,621.27313
323.41162,573.974,251.34369,584.6976
352.96085,610.6061,275.11267,638.90356
325.304,634.43585,234.00217,658.8362
325.02032,562.909,256.82257,572.2193
349.3397,628.8348,265.35782,659.8726
345.2815,617.0051,264.2388,645.2318
361.9678,638.4105,276.52527,674.9919
339.66666,618.7799,256.3412,644.28674
328.83618,609.7517,246.88123,629.9845
555.37427,611.71936,519.04236,705.8174
555.37427,611.71936,519.04236,705.8174
518.8847,637.49713,466.78293,724.95044
547.23126,627.2551,504.27158,721.8795
535.866,623.8586,491.71408,713.97626
535.866,623.8586,491.71408,713.97626
545.58167,598.0888,511.75418,686.06274
541.92664,622.7349,499.68814,714.2647
508.90652,634.605,455.72485,718.1989
557.6769,593.0149,527.96674,683.9865
558.42633,633.8178,515.6503,733.3204
550.0256,617.91437,510.79385,711.91125
536.6669,612.55115,496.44687,700.7096
550.6472,613.2015,512.86237,706.13715
538.5838,621.9056,495.7288,712.5216
546.92914,607.057,510.41727,697.00604
509.20474,624.37946,459.15698,705.9762
549.01935,630.22894,505.2371,726.1027
528.0013,629.6202,479.65292,718.7898
547.14655,607.3288,510.41727,697.00604
572.9147,583.19073,549.79517,677.31116
561.30743,593.0857,532.21313,685.4644
637.66254,638.0773,609.97504,764.0997
611.0655,576.585,597.82367,681.774
611.0655,576.585,597.82367,681.774
584.82465,562.7446,571.0911,655.908
604.743,626.35376,574.1853,739.3726
607.1594,563.5651,597.1153,664.4114
571.43524,568.19995,553.0115,657.8932
635.04816,631.176,608.94135,754.96124
580.16675,595.5951,553.4217,696.2154
584.15607,614.3602,553.0995,718.27423
591.9279,630.12225,557.2523,739.91876
583.61755,606.8355,554.84204,708.96265
583.61755,606.8355,554.84204,708.96265
638.4148,630.4089,613.272,755.0394
569.8248,580.31067,546.7388,672.41
574.4416,568.64,555.9891,659.8887
587.4622,638.3088,548.8719,748.6382
665.94257,599.42926,656.5981,726.691
665.94257,599.42926,656.5981,726.691
692.72205,605.9576,686.4997,743.6076
708.1436,580.9929,713.54126,717.97485
719.8654,573.9429,729.7779,713.5337
668.3752,601.7361,658.8403,730.25775
652.20984,626.59766,631.18317,755.18414
696.852,588.5518,697.58777,723.7641
718.7617,560.8801,732.5392,696.88043
695.53613,618.9019,686.02026,759.8997
693.30176,609.8721,686.3,748.33246
641.5891,622.94214,619.53925,747.0606
643.2312,616.854,623.5767,740.1365
655.11774,615.9538,638.29144,743.1941
655.11774,615.9538,638.29144,743.1941
689.4029,598.24255,685.3483,733.07666
689.4029,598.24255,685.3483,733.07666
654.2449,601.1097,641.9129,724.83716
682.04175,614.17847,671.7849,749.7281
689.8251,639.82745,672.64276,782.64795
705.2752,569.3318,713.9011,702.9797
727.4767,567.8138,741.38525,708.7883
772.01117,596.0354,785.8214,756.97626
727.67914,568.2378,741.38525,708.7883
764.00037,607.4092,772.2492,768.3853
730.8126,601.78827,733.99054,750.5209
737.1175,582.0745,748.22595,728.821
772.4781,600.2419,784.9002,762.0804
772.4781,600.2419,784.9002,762.0804
749.57196,562.8804,769.5353,710.1284
749.57196,562.8804,769.5353,710.1284
751.6296,615.1122,754.8931,773.39545
752.432,598.6948,761.19037,753.9717
753.0201,561.2631,774.1308,708.7559
753.0201,561.2631,774.1308,708.7559
726.51544,580.793,736.3632,723.08734
726.51544,580.793,736.3632,723.08734
743.31323,610.6888,746.3501,765.16864
747.3434,614.1614,750.1009,770.7422
154.90614,647.05756,24.281391,618.8129
152.61824,662.8853,16.419504,637.08734
149.27698,691.20276,3.0326166,670.26996
177.27567,661.83026,46.43178,643.8436
198.21613,643.98474,77.45984,629.1188
179.62758,668.3986,47.030952,652.8781
170.37366,666.589,36.537796,647.4858
170.37366,666.589,36.537796,647.4858
173.5353,667.7161,40.146248,649.48944
236.33089,697.0948,106.111595,705.858
182.4533,652.3735,55.758938,634.3239
182.4533,652.3735,55.758938,634.3239
237.04453,679.82745,112.86722,684.96185
237.04453,679.82745,112.86722,684.96185
206.80496,647.54913,86.802086,636.06104
234.2984,703.57605,101.84665,712.65063
180.84196,684.9286,43.209873,673.13086
200.5998,719.9833,55.758503,721.71484
218.91188,688.54285,88.03858,689.61163
218.91188,688.54285,88.03858,689.61163
167.40193,666.108,31.872395,647.0121
231.32088,675.57855,107.323265,678.0202
175.94095,710.5757,29.290682,702.5715
175.94095,710.5757,29.290682,702.5715
215.79912,698.18884,81.151306,700.3664
205.82947,655.7515,82.75619,645.72833
201.35722,644.98364,80.90037,631.49945
217.3613,669.66284,92.19071,666.2534
218.41328,699.52106,84.02033,702.44055
211.27148,694.6899,76.84175,694.6975
211.44048,642.76697,93.95289,631.99603
211.44048,642.76697,93.95289,631.99603
237.92563,701.13654,106.868904,711.09875
237.92563,701.13654,106.868904,711.09875
233.61339,695.6579,103.31007,703.2443
198.19885,703.06256,58.343662,700.7223
202.2897,662.89197,76.119415,653.5692
200.7218,656.5138,76.44897,645.0577
199.80885,666.55896,72.07575,656.61945
232.0788,680.18097,106.05037,684.0864
187.266,698.01276,46.72705,690.8502
197.56331,709.404,55.855682,708.1817
197.56331,709.404,55.855682,708.1817
197.56331,709.404,55.855682,708.1817
175.77579,707.4835,29.792713,698.6
251.65799,709.1535,120.851616,725.0434
250.11044,705.7558,120.06362,720.6012
241.60144,700.78326,111.387,711.8663
285.65524,706.7513,163.18465,733.55536
297.02444,646.0091,196.13077,663.6944
267.055,674.59937,150.74004,688.54205
317.88348,692.1764,206.41306,726.17377
317.88348,692.1764,206.41306,726.17377
264.39966,663.2905,151.27621,673.81744
264.39966,663.2905,151.27621,673.81744
263.10605,694.4473,139.52885,710.90454
263.10605,694.4473,139.52885,710.90454
245.8891,674.9617,125.06462,681.95844
245.8891,674.9617,125.06462,681.95844
248.79982,676.2784,128.13535,684.5177
303.5101,653.454,201.81093,674.98474
314.60397,697.4185,200.65044,731.21155
254.99014,672.8873,137.09676,682.10913
254.99014,672.8873,137.09676,682.10913
341.1664,713.8442,227.5566,759.6269
368.7465,697.2872,266.1207,748.8221
356.23843,674.8431,258.26398,717.57355
385.51273,716.0808,280.2338,777.0981
385.51273,716.0808,280.2338,777.0981
336.66306,670.19,236.07634,705.58746
320.0468,702.08673,205.96674,738.8669
381.02264,675.1526,288.1232,725.95166
364.10272,689.7007,262.94263,738.1531
358.10413,670.7941,261.79114,713.21387
358.10413,670.7941,261.79114,713.21387
321.04382,692.49493,210.09135,727.4728
321.04382,692.49493,210.09135,727.4728
331.069,715.4027,214.25552,758.7767
375.10812,713.0184,268.82874,769.6703
388.8569,710.6756,286.40997,773.2332
335.17426,715.7649,219.63599,760.1352
355.2052,684.59906,253.57211,728.72876
359.29242,673.7679,262.31,717.26697
359.29242,673.7679,262.31,717.26697
330.15573,665.10266,229.92183,697.43536
369.93124,646.0871,284.11526,687.2012
325.2758,699.4308,212.88843,737.48206
325.2758,699.4308,212.88843,737.48206
329.32394,662.07,229.96977,693.3531
349.72324,646.36304,259.5459,681.1476
439.31503,702.42194,349.7247,777.96063
462.535,661.44727,391.09543,735.60364
411.13965,704.891,314.67825,771.5116
446.09024,711.3791,355.03513,790.6138
446.09024,711.3791,355.03513,790.6138
439.9337,715.23846,346.1813,793.63446
439.9337,715.23846,346.1813,793.63446
409.48917,675.95953,322.04196,735.9719
420.44327,716.6194,322.2856,788.8661
440.90445,674.7425,360.55203,744.9122
410.98407,713.39374,311.94406,781.6687
427.96603,660.0122,349.75397,722.4103
428.54422,703.5011,336.26645,775.6003
446.14847,680.66907,365.13712,753.3694
400.4726,690.61237,306.64655,750.9563
415.65894,668.3888,331.84012,729.5419
516.05536,649.4563,459.89655,738.49805
503.97034,648.49524,444.33618,734.33685
530.02734,674.2323,468.2915,772.86255
530.02734,674.2323,468.2915,772.86255
505.2357,678.1684,437.0327,769.82825
556.5492,666.11316,503.03107,771.9723
545.79987,672.9007,487.74316,776.4482
534.0068,659.46747,477.79312,756.48193
534.0068,659.46747,477.79312,756.48193
526.99603,674.4107,464.47403,772.29816
505.3653,655.83923,444.44357,742.73395
506.74954,650.95654,447.398,737.5304
536.1318,662.56226,479.17053,761.27374
508.30853,687.12885,437.98935,781.6559
491.1579,652.9675,428.29474,734.66705
603.9622,662.3191,561.51373,782.6558
634.81415,653.06335,601.6578,781.679
634.81415,653.06335,601.6578,781.679
607.3539,644.50903,571.2103,762.22144
620.3895,654.07983,584.0326,777.45715
560.5243,651.89984,512.0148,756.1217
594.6441,660.0863,550.75354,776.95215
585.93555,669.87885,537.1964,785.74817
582.3363,669.1099,532.61584,783.33466
644.0318,644.5345,615.6588,774.3865
232.3219,723.0795,92.9497,735.8408
177.80295,760.775,14.988728,763.5006
173.52638,737.54584,17.379864,734.1397
173.52638,737.54584,17.379864,734.1397
175.89374,757.4259,13.710607,759.0314
197.75702,722.35657,51.70758,723.50116
204.78323,722.59235,59.99728,726.05725
181.65976,740.04016,26.4007,739.7516
202.12862,736.39813,52.791912,741.30615
202.90608,726.7609,56.939644,729.9795
199.62077,724.9334,52.863605,727.5572
210.50856,750.7379,57.85975,761.86096
215.15164,743.0384,66.0829,754.238
177.88106,738.4946,22.307173,736.7597
183.77173,730.1235,32.294567,728.4698
220.45082,729.91644,76.322136,740.35406
235.14093,760.9971,84.1971,782.6065
188.01187,762.9197,26.92433,769.52356
182.89624,761.19684,21.014572,765.6496
284.88956,721.7934,157.05911,751.0964
316.79117,722.2118,195.26772,762.02094
305.27664,741.36224,175.07011,781.52637
260.29776,735.625,122.62974,759.98706
310.28394,735.96014,182.9477,776.589
277.35733,742.7346,141.0168,773.98535
256.12506,732.46063,118.8746,753.7798
307.65552,728.6711,182.42995,766.5802
279.04044,725.4405,148.6524,753.6643
284.59656,746.781,149.66238,782.3008
387.21173,720.2263,280.95688,782.1657
350.6669,721.1699,236.48012,771.725
353.10242,722.62134,238.84032,774.31854
331.12,732.07196,208.81142,779.38306
328.11368,729.634,206.45816,774.79614
